City_ID,City,Country,Lat,Lng,Max Temp,Humidity,Cloudiness,Wind Speed,Current Description
0,Cherskiy,RU,68.75,161.3,-34.64,99,9,3.8,clear sky
1,Torbay,CA,47.6666,-52.7314,32.95,95,100,10.36,fog
2,Camacha,PT,33.0833,-16.3333,68.54,82,20,3.44,few clouds
3,Avarua,CK,-21.2078,-159.775,77.05,83,20,4.61,few clouds
4,Yar-Sale,RU,66.8333,70.8333,6.1,97,100,2.8,light snow
5,Sirvintos,LT,55.05,24.95,29.75,94,98,13.22,overcast clouds
6,Nanortalik,GL,60.1432,-45.2371,10.89,83,100,41.96,light snow
7,Sarangani,PH,5.4033,125.4636,80.87,72,100,20.4,overcast clouds
8,Lake City,US,30.1897,-82.6393,78.85,61,100,13.8,overcast clouds
9,Sao Felix Do Xingu,BR,-6.6447,-51.995,90.03,50,67,2.66,broken clouds
10,Qingyuan,CN,23.7,113.0333,46.38,82,6,5.57,clear sky
11,New Norfolk,AU,-42.7826,147.0587,57.92,75,85,2.06,overcast clouds
12,Diu,IN,20.7141,70.9822,64.83,54,1,5.99,clear sky
13,Talcher,IN,20.95,85.2167,68.05,61,16,3.71,few clouds
14,Ambilobe,MG,-13.2,49.05,78.1,83,100,11.88,light rain
15,Rikitea,PF,-23.1203,-134.9692,78.22,71,87,9.57,light rain
16,Mount Gambier,AU,-37.8333,140.7667,53.51,94,12,8.05,few clouds
17,Yulara,AU,-25.2406,130.9889,68.45,38,2,8.21,clear sky
18,Balkhash,KZ,46.844,74.9804,8.71,82,5,12.53,clear sky
19,Arman,RU,59.7,150.1667,-2.45,72,96,12.26,overcast clouds
20,Nikolskoye,RU,59.7035,30.7861,19.29,95,81,7.78,broken clouds
21,Wanning,CN,18.8003,110.3967,62.24,87,100,10.2,overcast clouds
22,Longkou,CN,37.6508,120.3286,28.69,41,11,14.79,few clouds
23,Benguela,AO,-12.5763,13.4055,78.12,65,97,8.23,overcast clouds
24,Haimen,CN,23.1935,116.6142,54.39,76,100,9.35,overcast clouds
25,Pevek,RU,69.7008,170.3133,-24.41,100,93,3.85,overcast clouds
26,Qaanaaq,GL,77.484,-69.3632,-7.08,62,86,8.95,overcast clouds
27,Coihaique,CL,-45.5752,-72.0662,66.72,48,85,0.65,overcast clouds
28,Puerto Ayora,EC,-0.7393,-90.3518,78.55,85,42,4.0,scattered clouds
29,Yellowknife,CA,62.456,-114.3525,-33.72,67,20,3.44,mist
30,Khatanga,RU,71.9667,102.5,-35.09,100,98,3.38,overcast clouds
31,Mataura,NZ,-46.1927,168.8643,49.48,98,100,2.15,overcast clouds
32,Ushuaia,AR,-54.8,-68.3,60.8,40,54,2.39,broken clouds
33,Chuy,UY,-33.6971,-53.4616,80.76,69,36,6.15,scattered clouds
34,Touros,BR,-5.1989,-35.4608,86.74,54,66,16.53,broken clouds
35,Geraldton,AU,-28.7667,114.6,72.01,60,0,3.44,clear sky
36,Chokurdakh,RU,70.6333,147.9167,-30.73,100,61,1.52,broken clouds
37,Hobart,AU,-42.8794,147.3294,58.26,86,90,5.75,overcast clouds
38,Tamale,GH,9.4008,-0.8393,95.9,7,0,6.29,clear sky
39,Saskylakh,RU,71.9167,114.0833,-7.92,99,100,4.25,light snow
40,Raudeberg,NO,61.9875,5.1352,36.86,93,100,8.99,light snow
41,Pangody,RU,65.85,74.4859,9.34,97,100,2.39,light snow
42,Solhan,TR,38.9634,41.0293,26.6,97,100,2.3,overcast clouds
43,Kaitangata,NZ,-46.2817,169.8464,51.93,80,100,5.48,overcast clouds
44,Mehamn,NO,71.0357,27.8492,13.95,85,0,28.77,clear sky
45,Serenje,ZM,-13.2325,30.2352,60.85,98,100,7.14,overcast clouds
46,Busselton,AU,-33.65,115.3333,71.1,67,0,5.41,clear sky
47,Meulaboh,ID,4.1363,96.1285,77.54,87,100,3.96,overcast clouds
48,Liku,ID,-0.7275,119.8922,75.06,94,96,1.1,overcast clouds
49,Eyrarbakki,IS,63.863,-21.1481,38.44,82,44,6.78,scattered clouds
50,Nidzica,PL,53.3605,20.4275,36.99,99,100,9.1,overcast clouds
51,Marawi,PH,7.9986,124.2928,64.65,90,100,2.98,overcast clouds
52,Ondangwa,NA,-17.9167,15.95,82.26,35,84,5.88,broken clouds
53,Hithadhoo,MV,-0.6,73.0833,82.29,73,50,11.32,scattered clouds
54,Ribas Do Rio Pardo,BR,-20.4431,-53.7592,85.17,67,47,8.68,scattered clouds
55,Auki,SB,-8.7676,160.7034,77.29,88,100,4.88,overcast clouds
56,Carolina,PR,18.3808,-65.9574,79.48,92,75,13.8,shower rain
57,Albany,US,42.6001,-73.9662,27.09,87,100,1.01,overcast clouds
58,Lichinga,MZ,-13.3128,35.2406,63.14,97,62,7.72,light rain
59,Spilimbergo,IT,46.1125,12.8969,49.93,74,95,3.31,overcast clouds
60,Portland,US,45.5234,-122.6762,40.24,95,75,1.01,fog
61,Ndioum,SN,16.5129,-14.6471,92.64,5,0,10.09,clear sky
62,Punta Arenas,CL,-53.15,-70.9167,50.11,49,9,6.55,clear sky
63,Jamestown,US,42.097,-79.2353,22.32,62,100,4.0,overcast clouds
64,Baker City,US,44.7749,-117.8344,31.14,90,92,6.33,overcast clouds
65,Santo Antonio Do Ica,BR,-3.1022,-67.9397,81.99,83,100,2.66,overcast clouds
66,Bluff,NZ,-46.6,168.3333,49.8,65,61,9.86,broken clouds
67,Longyearbyen,SJ,78.2186,15.6401,15.64,62,0,25.32,clear sky
68,Hilo,US,19.7297,-155.09,69.24,76,100,6.91,overcast clouds
69,Atuona,PF,-9.8,-139.0333,78.39,76,10,16.58,clear sky
70,Cape Town,ZA,-33.9258,18.4232,71.35,51,1,5.99,clear sky
71,Barrow,US,71.2906,-156.7887,-22.58,99,92,8.63,overcast clouds
72,Coquimbo,CL,-29.9533,-71.3436,71.33,64,20,14.97,few clouds
73,Acapulco,MX,16.8634,-99.8901,80.83,54,0,4.81,clear sky
74,Quatre Cocos,MU,-20.2078,57.7625,80.1,86,100,15.82,light rain
75,Tuktoyaktuk,CA,69.4541,-133.0374,-25.38,100,47,9.84,scattered clouds
76,Lima,PE,-12.0432,-77.0282,75.45,61,0,5.75,clear sky
77,Mahebourg,MU,-20.4081,57.7,80.26,89,75,11.5,broken clouds
78,Port Alfred,ZA,-33.5906,26.891,68.4,79,100,8.86,light rain
79,Shurugwi,ZW,-19.6702,30.0059,69.06,60,15,4.23,few clouds
80,Mitsamiouli,KM,-11.3847,43.2844,81.97,79,69,10.69,light rain
81,Honiara,SB,-9.4333,159.95,77.83,88,100,2.55,overcast clouds
82,Vaini,TO,-21.2,-175.2,75.36,100,100,6.91,heavy intensity rain
83,Aku,NG,6.7081,7.3167,92.3,12,1,6.04,clear sky
84,Bengkulu,ID,-3.8004,102.2655,73.56,97,100,7.45,light rain
85,Jardim,BR,-21.4803,-56.1381,89.91,49,95,9.62,overcast clouds
86,Great Falls,US,47.5002,-111.3008,40.41,58,74,20.24,broken clouds
87,Porgera,PG,-5.4667,143.2,40.6,89,100,1.83,overcast clouds
88,Husavik,IS,66.0449,-17.3389,26.51,91,100,18.39,light snow
89,Verkhnyaya Toyma,RU,62.2349,44.9985,-12.32,100,63,2.19,broken clouds
90,Platteville,US,42.7342,-90.4785,14.59,72,100,10.36,overcast clouds
91,Iqaluit,CA,63.7506,-68.5145,-20.79,77,100,7.29,overcast clouds
92,Sao Filipe,CV,14.8961,-24.4956,74.82,68,0,7.74,clear sky
93,Lebu,CL,-37.6167,-73.65,64.87,76,10,16.44,clear sky
94,Yerbogachen,RU,61.2767,108.0108,-20.29,100,87,2.62,overcast clouds
95,Shellbrook,CA,53.2168,-106.4011,-12.37,91,100,9.4,overcast clouds
96,Mirnyy,RU,62.5353,113.9611,-18.29,100,91,1.34,overcast clouds
97,Kavieng,PG,-2.5744,150.7967,82.29,71,100,9.13,overcast clouds
98,Cabo San Lucas,MX,22.8909,-109.9124,70.52,53,0,1.41,clear sky
99,Pacific Grove,US,36.6177,-121.9166,55.58,61,0,1.01,clear sky
100,Shasta Lake,US,40.6804,-122.3708,51.76,52,89,2.53,overcast clouds
101,Tiznit,MA,29.5833,-9.5,68.94,31,90,7.96,overcast clouds
102,San Jeronimo,PE,-11.9472,-75.2829,60.44,54,98,2.84,overcast clouds
103,Samarai,PG,-10.6167,150.6667,81.03,81,96,8.84,overcast clouds
104,Vilyuysk,RU,63.7553,121.6247,-32.67,100,84,2.98,broken clouds
105,Bataipora,BR,-22.2953,-53.2711,78.35,83,99,7.52,overcast clouds
106,Sal Rei,CV,16.1833,-22.9167,75.76,73,20,18.41,few clouds
107,Bandarbeyla,SO,9.4942,50.8122,76.03,61,2,11.63,clear sky
108,Severo-Kurilsk,RU,50.6789,156.125,27.09,87,100,3.67,overcast clouds
109,Valleyview,CA,55.0667,-117.2859,16.59,91,100,3.02,overcast clouds
110,San Patricio,US,28.017,-97.5169,34.21,45,30,19.73,scattered clouds
111,Upernavik,GL,72.7868,-56.1549,4.03,97,100,7.25,overcast clouds
112,Plainview,US,40.7765,-73.4673,39.51,83,100,4.0,moderate rain
113,Hermanus,ZA,-34.4187,19.2345,75.9,56,7,21.61,clear sky
114,Ostrovnoy,RU,68.0531,39.5131,3.85,97,87,11.01,overcast clouds
115,Tortosa,ES,40.8125,0.5216,65.55,50,93,5.41,overcast clouds
116,Dikson,RU,73.5069,80.5464,-2.47,89,100,5.91,overcast clouds
117,Hofn,IS,64.2539,-15.2082,29.1,55,2,12.44,clear sky
118,Talnakh,RU,69.4865,88.3972,-4.58,96,99,7.61,overcast clouds
119,Port Blair,IN,11.6667,92.75,78.55,82,58,4.99,broken clouds
120,Bhuj,IN,23.2667,69.6667,63.61,69,0,7.18,clear sky
121,Butaritari,KI,3.0707,172.7902,82.09,75,11,17.85,light rain
122,Tucuman,AR,-26.8241,-65.2226,81.19,75,23,6.22,few clouds
123,Gizo,SB,-8.103,156.8419,82.26,82,100,11.05,overcast clouds
124,Cidreira,BR,-30.1811,-50.2056,76.8,77,95,5.01,overcast clouds
125,Gambo,CF,4.6482,22.2633,83.52,23,77,2.39,broken clouds
126,Bull Savanna,JM,17.8868,-77.5902,81.55,57,1,4.9,clear sky
127,Cayenne,GF,4.9333,-52.3333,84.24,83,40,7.0,scattered clouds
128,Virden,US,39.5009,-89.7679,18.39,81,90,6.85,overcast clouds
129,Los Llanos De Aridane,ES,28.6585,-17.9182,66.13,68,20,5.01,few clouds
130,Kapaa,US,22.0752,-159.319,66.18,94,0,6.91,clear sky
131,Oswego,US,43.4501,-76.1497,20.91,89,100,5.01,light snow
132,Castro,BR,-24.7911,-50.0119,66.24,97,100,8.7,overcast clouds
133,Nome,US,64.5011,-165.4064,7.11,64,100,13.51,overcast clouds
134,Dunedin,NZ,-45.8742,170.5036,53.8,93,100,8.99,overcast clouds
135,Shingu,JP,33.7333,135.9833,41.92,64,2,11.59,clear sky
136,Constitucion,CL,-35.3333,-72.4167,68.92,69,12,10.13,few clouds
137,Kodiak,US,57.79,-152.4072,31.51,86,40,0.0,scattered clouds
138,Ariquemes,BR,-9.9133,-63.0408,84.4,69,97,4.9,overcast clouds
139,Mar Del Plata,AR,-38.0023,-57.5575,73.42,91,20,5.99,few clouds
140,Spassk,RU,52.747,87.7545,2.23,99,56,2.77,broken clouds
141,Kilindoni,TZ,-7.9139,39.6668,81.63,78,100,13.69,overcast clouds
142,Sitka,US,57.0531,-135.33,42.69,87,100,14.97,moderate rain
143,Faanui,PF,-16.4833,-151.75,80.44,73,19,14.7,few clouds
144,Dongsheng,CN,39.8161,109.9776,9.81,61,0,6.71,clear sky
145,Grand Gaube,MU,-20.0064,57.6608,80.38,82,100,7.0,overcast clouds
146,Bredasdorp,ZA,-34.5322,20.0403,68.29,52,33,15.37,scattered clouds
147,Esperance,AU,-33.8667,121.9,65.44,74,0,15.59,clear sky
148,Ishigaki,JP,24.3448,124.1572,63.28,77,100,27.25,overcast clouds
149,Oktyabrskiy,RU,54.4815,53.471,27.55,87,100,10.42,overcast clouds
150,Pisco,PE,-13.7,-76.2167,74.01,68,0,10.36,clear sky
151,Marzuq,YE,14.4,46.4667,66.42,45,19,6.82,few clouds
152,Jilib,SO,0.4883,42.7854,77.05,73,98,10.76,overcast clouds
153,Bambous Virieux,MU,-20.3428,57.7575,80.22,89,75,11.5,light rain
154,Katsuura,JP,35.1333,140.3,48.22,75,29,11.99,scattered clouds
155,Krasnoselkup,RU,65.7,82.4667,15.96,96,100,6.44,light snow
156,Laguna,US,38.421,-121.4238,57.09,82,0,1.01,mist
157,Lavrentiya,RU,65.5833,-171.0,1.11,53,0,17.65,clear sky
158,Ribeira Grande,PT,38.5167,-28.7,61.2,82,40,16.11,scattered clouds
159,Broome,US,42.2506,-75.833,23.77,76,100,1.99,light snow
160,Soyo,AO,-6.1349,12.3689,79.99,68,95,8.01,overcast clouds
161,Luderitz,NA,-26.6481,15.1594,74.93,60,6,17.11,clear sky
162,Tasiilaq,GL,65.6145,-37.6368,17.76,67,100,38.36,overcast clouds
163,Banda Aceh,ID,5.5577,95.3222,78.73,81,50,6.33,scattered clouds
164,Rocha,UY,-34.4833,-54.3333,79.0,67,55,12.53,broken clouds
165,Korocha,RU,50.8107,37.1953,27.32,94,45,7.61,scattered clouds
166,Florida,US,28.7505,-82.5001,82.09,67,75,3.0,broken clouds
167,Victoria,HK,22.2855,114.1577,57.33,74,15,3.0,few clouds
168,Thompson,CA,55.7435,-97.8558,-18.51,86,6,6.8,clear sky
169,Bulungu,CD,-4.55,18.6,74.28,88,100,3.44,overcast clouds
170,Eyl,SO,7.9803,49.8164,74.44,60,10,14.65,clear sky
171,Georgetown,MY,5.4112,100.3354,78.89,92,40,0.0,scattered clouds
172,Usinsk,RU,65.9939,57.5281,-4.22,100,90,6.38,overcast clouds
173,Norman Wells,CA,65.282,-126.8329,-26.81,93,87,8.93,overcast clouds
174,Erding,DE,48.306,11.9069,44.82,81,20,5.75,few clouds
175,Tiksi,RU,71.6872,128.8694,-20.56,98,99,7.38,overcast clouds
176,Kahului,US,20.8947,-156.47,67.84,81,0,5.75,clear sky
177,Kiev,UA,50.4333,30.5167,21.72,68,0,0.0,clear sky
178,Ilulissat,GL,69.2167,-51.1,17.62,53,75,19.57,broken clouds
179,Tigil,RU,57.8,158.6667,2.79,91,77,3.04,broken clouds
180,Maracas,BR,-13.4411,-40.4308,83.95,40,40,4.14,scattered clouds
181,Tilichiki,RU,60.4667,166.1,-5.39,83,87,8.21,overcast clouds
182,Sujangarh,IN,27.7011,74.4649,58.84,42,0,8.37,clear sky
183,Baruun-Urt,MN,46.6806,113.2792,-5.28,91,14,7.52,few clouds
184,Dudinka,RU,69.4058,86.1778,0.77,97,99,6.17,overcast clouds
185,Sistranda,NO,63.7256,8.834,38.89,61,91,20.29,overcast clouds
186,Kavaratti,IN,10.5669,72.642,79.12,63,61,11.81,broken clouds
187,Galeana,MX,24.8333,-100.0667,62.31,59,78,6.11,broken clouds
188,Palmer,US,42.1584,-72.3287,35.15,100,100,9.22,mist
189,Jardim De Piranhas,BR,-6.3786,-37.3519,95.85,31,99,5.37,overcast clouds
190,Arraial Do Cabo,BR,-22.9661,-42.0278,82.26,78,40,13.8,scattered clouds
191,Santa Ines,BR,-3.6667,-45.38,83.05,81,95,3.74,overcast clouds
192,Lorengau,PG,-2.0226,147.2712,80.42,76,78,7.0,broken clouds
193,Montbrison,FR,45.6667,4.0833,48.54,79,99,2.24,overcast clouds
194,Ippy,CF,6.2679,21.2247,88.65,15,60,0.83,broken clouds
195,Ucluelet,CA,48.9329,-125.5528,46.09,94,100,4.0,overcast clouds
196,Altayskoye,RU,51.9533,85.3325,6.57,90,8,5.7,clear sky
197,Dali,CN,25.7,100.1833,43.16,73,3,3.78,clear sky
198,Yelizovo,RU,53.1873,158.3805,13.42,78,97,8.86,overcast clouds
199,Muli,MV,2.9167,73.5667,82.22,72,82,9.8,broken clouds
200,Mayor Pablo Lagerenza,PY,-19.9309,-60.7718,100.22,30,54,16.4,broken clouds
201,Mantua,IT,45.1667,10.7833,50.81,88,100,3.38,overcast clouds
202,Taraz,KZ,42.9,71.3667,36.28,93,100,4.47,mist
203,Hanna,CA,51.6334,-111.9018,0.86,80,100,13.0,overcast clouds
204,Nantucket,US,41.2835,-70.0995,43.03,100,100,29.08,light rain
205,Tirano,IT,46.2154,10.1679,47.17,78,13,3.49,few clouds
206,Byron Bay,AU,-28.65,153.6167,69.87,63,100,21.41,overcast clouds
207,Hambantota,LK,6.1241,81.1185,76.6,78,28,7.2,scattered clouds
208,Uberlandia,BR,-18.9186,-48.2772,80.53,61,91,5.95,overcast clouds
209,Tuni,IN,17.35,82.55,71.8,90,7,5.19,clear sky
210,Yaounde,CM,3.8667,11.5167,82.56,27,82,2.17,broken clouds
211,Mount Isa,AU,-20.7333,139.5,73.17,38,74,10.36,broken clouds
212,Presidente Medici,BR,-11.1753,-61.9014,85.51,69,87,5.08,overcast clouds
213,Roald,NO,62.5833,6.1333,37.99,87,75,32.21,broken clouds
214,Ponta Do Sol,PT,32.6667,-17.1,71.01,79,83,1.3,broken clouds
215,Pangnirtung,CA,66.1451,-65.7125,-19.79,97,100,6.26,overcast clouds
216,Labytnangi,RU,66.6572,66.4183,6.84,96,100,4.07,overcast clouds
217,Jasper,US,37.2001,-94.3502,24.03,64,0,1.01,clear sky
218,Port-Cartier,CA,50.0334,-66.8654,3.74,71,59,5.61,broken clouds
219,Arrecife,ES,28.963,-13.5477,69.87,68,0,6.91,clear sky
220,Port Hardy,CA,50.6996,-127.4199,46.76,93,100,13.33,moderate rain
221,Kondopoga,RU,62.2057,34.2614,-3.87,100,96,4.18,overcast clouds
222,Te Anau,NZ,-45.4167,167.7167,44.78,95,97,3.98,overcast clouds
223,Cabano,PH,10.5869,122.7002,77.11,84,100,22.41,overcast clouds
224,Chervona Sloboda,UA,49.3789,32.1464,17.08,95,17,5.68,few clouds
225,Iznoski,RU,54.9881,35.3108,18.91,96,100,2.13,overcast clouds
226,College,US,64.8569,-147.8028,1.72,70,100,3.44,light snow
227,Ust-Nera,RU,64.5667,143.2,-19.43,79,28,0.47,scattered clouds
228,Manggar,ID,-2.8833,108.2667,79.11,84,65,7.18,broken clouds
229,Pathein,MM,16.7833,94.7333,69.98,70,30,5.28,scattered clouds
230,Sao Miguel Do Araguaia,BR,-13.275,-50.1628,87.78,58,89,3.33,overcast clouds
231,Hasaki,JP,35.7333,140.8333,28.8,77,99,8.7,overcast clouds
232,Opuwo,NA,-18.0607,13.84,83.16,24,53,18.86,broken clouds
233,Taltal,CL,-25.4,-70.4833,70.05,67,6,6.42,clear sky
234,San Cristobal,VE,7.7669,-72.225,73.58,47,53,1.19,broken clouds
235,Half Moon Bay,US,37.4636,-122.4286,55.31,79,0,0.0,clear sky
236,Narsaq,GL,60.9167,-46.05,10.62,68,86,22.06,overcast clouds
237,Vostok,RU,46.4856,135.8833,-12.28,99,100,3.53,overcast clouds
238,Iralaya,HN,15.0,-83.2333,84.29,63,7,7.11,clear sky
239,Saint George,US,37.1041,-113.5841,39.34,39,0,1.01,clear sky
240,Saint-Joseph,RE,-21.3667,55.6167,79.18,85,100,25.14,moderate rain
241,Vila,PT,42.0304,-8.1588,45.73,82,100,4.05,overcast clouds
242,Port Lincoln,AU,-34.7333,135.8667,63.34,81,61,15.9,broken clouds
243,Flin Flon,CA,54.7682,-101.865,-17.95,89,64,3.65,broken clouds
244,Clyde River,CA,70.4692,-68.5914,-3.77,84,100,24.16,snow
245,Bundaberg,AU,-24.85,152.35,70.21,75,100,5.01,overcast clouds
246,Miraflores,MX,19.2167,-98.8083,65.05,34,0,5.57,clear sky
247,Johannesburg,ZA,-26.2023,28.0436,62.15,90,89,1.01,moderate rain
248,Najran,SA,17.4924,44.1277,71.13,40,44,4.72,scattered clouds
249,Hualmay,PE,-11.0964,-77.6139,75.56,72,38,11.39,scattered clouds
250,Carnarvon,AU,-24.8667,113.6333,82.2,60,9,16.28,clear sky
251,Vestmannaeyjar,IS,63.4427,-20.2734,38.39,56,20,8.05,few clouds
252,Tirumullaivasal,IN,11.2333,79.8333,76.77,77,47,12.12,scattered clouds
253,Waipawa,NZ,-41.4122,175.5153,56.03,96,100,13.89,light rain
254,Mana,GF,5.6592,-53.7767,79.18,84,69,9.6,light rain
255,Tomatlan,MX,19.9333,-105.25,83.1,34,46,4.03,scattered clouds
256,Truro,GB,50.2653,-5.0544,47.59,71,40,23.02,scattered clouds
257,Bolivar,US,37.6145,-93.4105,22.84,75,28,1.01,scattered clouds
258,Tam Ky,VN,15.5667,108.4833,66.18,92,100,3.31,overcast clouds
259,Foix,FR,42.8333,1.5833,50.18,11,100,3.85,overcast clouds
260,Puerto Colombia,CO,10.9878,-74.9547,89.69,69,2,23.38,clear sky
261,Kapit,MY,2.0167,112.9333,73.74,99,100,0.76,overcast clouds
262,Ridgecrest,US,35.6225,-117.6709,49.39,31,21,3.71,few clouds
263,Airai,TL,-8.9266,125.4092,61.18,89,100,1.95,overcast clouds
264,Hoyanger,NO,61.2204,6.0749,37.62,98,100,15.03,snow
265,Chapais,CA,49.7834,-74.8492,-6.3,80,65,4.85,broken clouds
266,Mende,FR,44.6667,3.5,35.04,95,100,3.33,overcast clouds
267,Port-Gentil,GA,-0.7193,8.7815,80.44,75,60,7.72,broken clouds
268,San Pietro In Casale,IT,44.6996,11.4022,51.53,95,99,3.71,overcast clouds
269,Vardo,NO,70.3705,31.1107,19.38,79,75,20.71,broken clouds
270,Dayong,CN,25.0209,118.2898,51.89,89,100,3.0,overcast clouds
271,Ewa Beach,US,21.3156,-158.0072,68.68,82,0,4.61,clear sky
272,Serebriya,UA,48.4559,27.7192,32.74,81,86,4.27,overcast clouds
273,Itarema,BR,-2.9248,-39.9167,83.32,67,100,14.83,heavy intensity rain
274,Klaksvik,FO,62.2266,-6.589,34.72,66,92,45.9,light snow
275,Saldanha,ZA,-33.0117,17.9442,64.29,68,0,23.64,clear sky
276,Aljezur,PT,37.3191,-8.8033,60.08,58,100,7.94,light rain
277,Mayumba,GA,-3.432,10.6554,78.6,79,97,4.34,overcast clouds
278,Teya,RU,60.3778,92.6267,16.88,92,100,10.49,overcast clouds
279,Itatiaia,BR,-22.4961,-44.5633,82.71,78,96,0.81,moderate rain
280,Paamiut,GL,61.994,-49.6678,7.93,69,100,12.44,light snow
281,Birjand,IR,32.8663,59.2211,51.35,27,1,5.46,clear sky
282,Pochutla,MX,15.7432,-96.4661,86.83,40,0,7.14,clear sky
283,Richards Bay,ZA,-28.783,32.0377,73.13,94,100,14.92,moderate rain
284,Suez,EG,29.9737,32.5263,55.89,70,31,18.81,scattered clouds
285,Alta Floresta,BR,-9.8756,-56.0861,85.98,67,33,2.46,scattered clouds
286,Kushiro,JP,42.975,144.3747,15.46,85,45,5.57,scattered clouds
287,Swift Current,CA,50.2834,-107.8014,0.41,71,75,24.16,haze
288,Maniitsoq,GL,65.4167,-52.9,6.55,86,100,13.18,light snow
289,Solok,ID,-0.7918,100.6593,71.1,96,99,1.74,light rain
290,Bocaiuva,BR,-17.1078,-43.815,84.69,57,99,1.66,heavy intensity rain
291,Manoel Urbano,BR,-8.8389,-69.2597,82.35,80,86,4.83,overcast clouds
292,Sao Gabriel Da Cachoeira,BR,-0.1303,-67.0892,82.71,82,89,0.4,overcast clouds
293,Vila Franca Do Campo,PT,37.7167,-25.4333,65.19,66,100,11.43,overcast clouds
294,Voi,KE,-3.3945,38.563,82.26,41,88,5.1,overcast clouds
295,Sao Joao Da Barra,BR,-21.6403,-41.0511,84.29,84,99,11.3,overcast clouds
296,Puerto Varas,CL,-41.3195,-72.9854,65.86,67,75,9.22,broken clouds
297,Windhoek,NA,-22.5594,17.0832,78.48,32,97,9.26,overcast clouds
298,Palkino,RU,57.5409,28.0126,15.55,94,28,10.09,scattered clouds
299,Dukat,RU,62.55,155.55,-17.27,69,67,8.21,broken clouds
300,Borsad,IN,22.4167,72.9,65.41,20,0,1.23,clear sky
301,Lumphat,KH,13.4878,106.9816,72.68,70,4,9.24,clear sky
302,Iroquois Falls,CA,48.7669,-80.6831,-3.1,81,100,2.46,overcast clouds
303,Saint-Augustin,CA,51.226,-58.6502,-1.53,71,100,9.17,overcast clouds
304,Houston,US,29.7633,-95.3633,31.08,79,100,1.01,overcast clouds
305,Carutapera,BR,-1.195,-46.02,82.22,74,100,7.83,overcast clouds
306,Guanica,PR,17.9716,-66.908,84.97,70,97,4.0,overcast clouds
307,Staraya Russa,RU,57.9944,31.3608,4.57,99,75,5.1,broken clouds
308,Souillac,MU,-20.5167,57.5167,80.37,89,75,11.5,light rain
309,Isangel,VU,-19.55,169.2667,78.15,89,100,8.63,moderate rain
310,Pedra Azul,BR,-16.0053,-41.2972,79.34,74,99,4.81,overcast clouds
311,Pokrovsk,UA,48.282,37.1758,23.52,96,100,10.71,light snow
312,Fortuna,US,40.5982,-124.1573,44.65,95,100,0.0,overcast clouds
313,Murygino,RU,58.7383,49.4582,15.57,92,100,8.25,overcast clouds
314,Oranjestad,AW,12.524,-70.027,79.09,79,1,18.32,clear sky
315,Sorland,NO,67.667,12.6934,33.66,90,100,24.14,overcast clouds
316,Ormara,PK,25.2088,64.6357,71.98,62,0,16.8,clear sky
317,Karratha,AU,-20.7377,116.8463,86.61,64,92,4.94,overcast clouds
318,Guider,CM,9.9342,13.9486,82.98,11,1,8.99,clear sky
319,Snyder,US,32.7179,-100.9176,25.52,63,0,6.91,clear sky
320,Belyy Yar,RU,53.6039,91.3903,-14.91,79,56,0.0,smoke
321,Sola,VU,-13.8833,167.55,81.03,80,100,26.87,heavy intensity rain
322,Pafos,CY,34.7667,32.4167,53.51,66,20,3.44,few clouds
323,Lokosovo,RU,61.1333,74.8167,25.18,95,100,7.87,overcast clouds
324,Alihe,CN,50.5667,123.7167,-2.06,90,100,3.49,overcast clouds
325,Kruisfontein,ZA,-34.0033,24.7314,66.88,59,100,6.71,overcast clouds
326,Matara,LK,5.9485,80.5353,74.71,81,41,3.49,scattered clouds
327,Merauke,ID,-8.4667,140.3333,81.01,80,100,12.82,overcast clouds
328,Grindavik,IS,63.8424,-22.4338,27.07,74,75,4.61,broken clouds
329,Mandalgovi,MN,45.7625,106.2708,4.28,75,91,7.85,overcast clouds
330,Salamanca,ES,40.8333,-6.0,49.78,72,100,6.24,overcast clouds
331,Skjervoy,NO,70.0311,20.9714,23.18,69,100,34.92,overcast clouds
332,Mizdah,LY,31.4451,12.9801,57.15,25,0,6.26,clear sky
333,Verkhoyansk,RU,67.5447,133.385,-40.02,100,61,0.74,broken clouds
334,Khadro,PK,26.1472,68.7176,62.64,16,0,2.59,clear sky
335,Ati,TD,13.2154,18.3353,76.33,11,0,11.86,clear sky
336,Duiwelskloof,ZA,-23.6934,30.14,74.12,73,11,10.0,light rain
337,Yarada,IN,17.65,83.2667,77.32,83,40,2.3,mist
338,Lompoc,US,34.6391,-120.4579,65.12,67,0,5.75,clear sky
339,La Ronge,CA,55.1001,-105.2842,-13.67,90,100,5.55,overcast clouds
340,Syracuse,IT,37.0881,15.2792,59.43,76,73,11.81,broken clouds
341,Dingle,PH,10.9995,122.6711,73.76,93,100,11.07,overcast clouds
342,Alice Town,BS,25.7167,-79.3,74.48,68,7,10.58,clear sky
343,East London,ZA,-33.0153,27.9116,65.34,100,75,6.91,broken clouds
344,Breves,BR,-1.6822,-50.4803,84.42,70,91,3.71,overcast clouds
345,Bethel,US,41.3712,-73.414,38.5,90,100,4.61,light rain
346,Baltoji Voke,LT,54.6,25.2,27.05,86,100,16.11,overcast clouds
347,Burns Lake,CA,54.2331,-125.7533,34.5,89,93,6.49,overcast clouds
348,Swan Hill,AU,-35.3378,143.5544,62.17,62,35,9.55,scattered clouds
349,Shimoda,JP,34.6667,138.95,39.31,60,0,29.12,clear sky
350,Nouadhibou,MR,20.931,-17.0347,68.94,58,9,7.16,clear sky
351,Brigantine,US,39.4101,-74.3646,52.07,93,100,6.91,mist
352,Bathsheba,BB,13.2167,-59.5167,79.41,73,75,18.41,broken clouds
353,Hami,CN,42.8,93.45,23.99,36,74,0.78,broken clouds
354,Grand-Santi,GF,4.25,-54.3833,78.76,92,100,2.89,overcast clouds
355,Oktyabrskoye,RU,43.0645,44.7417,37.54,86,75,2.24,broken clouds
356,Catumbela,AO,-12.4314,13.5472,77.54,68,87,7.11,overcast clouds
357,Changji,CN,44.0167,87.3167,2.19,85,75,2.24,mist
358,Nur,PL,52.6683,22.3221,39.78,98,100,8.68,overcast clouds
359,Yuli,NG,9.6989,10.2744,85.39,11,0,7.96,clear sky
360,Karawang,ID,-6.3042,107.3079,77.09,95,100,5.12,overcast clouds
361,Port Elizabeth,ZA,-33.918,25.5701,69.1,62,100,7.94,overcast clouds
362,Milyutinskaya,RU,48.6279,41.6679,32.2,93,100,8.93,overcast clouds
363,Ayan,RU,56.45,138.1667,-4.77,70,99,15.14,overcast clouds
364,Hukuntsi,BW,-24.0,21.75,79.84,49,78,3.87,light rain
365,Port Macquarie,AU,-31.4333,152.9167,61.9,67,83,15.12,broken clouds
366,Vila Velha,BR,-20.3297,-40.2925,80.55,83,75,10.0,broken clouds
367,Letlhakeng,BW,-24.0944,25.0298,79.61,39,96,9.06,overcast clouds
368,Farah,AF,32.5,62.5,48.72,34,4,1.88,clear sky
369,Jambi,ID,-1.6,103.6167,72.95,96,34,1.97,scattered clouds
370,Naliya,IN,23.2667,68.8333,67.75,71,0,8.43,clear sky
371,Beringovskiy,RU,63.05,179.3167,-9.26,89,100,15.3,overcast clouds
372,Yuxia,CN,34.0615,108.6291,32.0,54,33,3.13,scattered clouds
373,Flinders,AU,-34.5833,150.8552,65.8,84,73,7.0,broken clouds
374,Sangar,RU,63.9242,127.4739,-34.19,100,92,1.92,overcast clouds
375,Noumea,NC,-22.2763,166.4572,76.98,84,100,2.33,overcast clouds
376,Wanlaweyn,SO,2.6185,44.8938,80.31,62,11,17.98,few clouds
377,Anadyr,RU,64.75,177.4833,-7.71,74,0,8.66,clear sky
378,Diffa,NE,13.3154,12.6113,72.77,11,1,10.49,clear sky
379,Adrar,MR,20.5022,-10.0711,81.88,7,9,9.08,clear sky
380,Naze,JP,28.3667,129.4833,52.43,60,98,16.53,overcast clouds
381,Waiuku,NZ,-37.25,174.75,73.26,90,100,8.5,overcast clouds
382,Baillif,GP,16.0202,-61.7463,82.63,70,2,9.93,clear sky
383,Mogadishu,SO,2.0371,45.3438,77.85,86,12,19.04,few clouds
384,Opole,PL,50.5,18.0,40.84,89,100,9.4,overcast clouds
385,Ancud,CL,-41.8697,-73.8203,70.43,72,83,6.96,broken clouds
386,Blagoyevo,RU,63.3667,47.9167,-5.71,100,73,1.54,broken clouds
387,Phuket,TH,8.0,98.25,75.42,100,20,1.14,few clouds
388,Phichit,TH,16.25,100.4167,82.99,54,62,10.33,broken clouds
389,Leh,IN,34.1667,77.5833,-0.47,94,98,3.4,overcast clouds
390,Omsukchan,RU,62.5333,155.8,-17.41,71,56,9.19,broken clouds
391,Camana,PE,-16.6228,-72.7111,75.38,70,46,10.69,scattered clouds
392,Tautira,PF,-17.7333,-149.15,80.62,77,50,15.64,scattered clouds
393,Tshikapa,CD,-6.4167,20.8,72.63,86,80,1.36,broken clouds
394,Haines Junction,CA,60.7522,-137.5108,-0.83,99,100,1.88,light snow
395,Oriximina,BR,-1.7656,-55.8661,78.15,78,100,3.71,heavy intensity rain
396,Caravelas,BR,-17.7125,-39.2481,79.72,77,100,4.59,light rain
397,Zyryanka,RU,65.75,150.85,-41.39,100,99,1.16,overcast clouds
398,Las Vegas,US,36.175,-115.1372,47.08,32,0,10.36,clear sky
399,Tiarei,PF,-17.5333,-149.3333,80.62,76,69,17.69,broken clouds
400,Dwarka,IN,22.2394,68.9678,70.45,61,0,8.19,clear sky
401,Beruwala,LK,6.4788,79.9828,74.46,73,13,4.25,few clouds
402,Puerto Narino,CO,-3.7703,-70.3831,75.15,79,98,0.98,moderate rain
403,Tuatapere,NZ,-46.1333,167.6833,49.82,84,99,4.63,overcast clouds
404,Hay River,CA,60.8156,-115.7999,-10.32,91,100,6.67,overcast clouds
405,Manadhoo,MV,5.7667,73.3833,81.63,70,29,9.8,scattered clouds
406,Grootfontein,NA,-19.5667,18.1167,71.73,66,88,6.8,light rain
407,Kenai,US,60.5544,-151.2583,21.02,97,100,5.75,light snow
408,Otradnoye,RU,59.7775,30.8181,19.45,95,80,7.81,broken clouds
409,Camacupa,AO,-12.0167,17.4833,61.77,96,100,4.36,light rain
410,Vrangel,RU,42.7297,133.0839,11.46,60,53,17.45,broken clouds
411,Lixourion,GR,38.2019,20.4314,51.66,76,0,0.0,clear sky
412,Haikou,CN,20.0458,110.3417,61.36,86,100,8.39,overcast clouds
413,Bubaque,GW,11.2833,-15.8333,79.36,62,0,12.41,clear sky
414,Poronaysk,RU,49.2167,143.1167,8.06,85,100,7.23,overcast clouds
415,Provideniya,RU,64.3833,-173.3,-0.24,64,7,14.52,clear sky
416,Charters Towers,AU,-20.1,146.2667,72.86,80,99,6.4,overcast clouds
417,Itoman,JP,26.1247,127.6694,60.82,67,75,18.41,broken clouds
418,Mnogovershinnyy,RU,53.9353,139.9242,-2.51,98,100,5.55,light snow
419,Lethem,GY,3.3803,-59.7968,94.69,36,94,11.1,overcast clouds
420,Okato,NZ,-39.2,173.8833,69.91,91,99,17.85,light rain
421,Isla Mujeres,MX,21.2311,-86.731,84.25,69,32,9.33,scattered clouds
422,Iquitos,PE,-3.7481,-73.2472,82.44,78,75,3.44,broken clouds
423,Tual,ID,-5.6667,132.75,83.66,75,100,15.14,overcast clouds
424,Grong,NO,64.4654,12.3149,35.02,96,100,4.85,overcast clouds
425,Timizart,DZ,36.8,4.2667,57.97,56,50,2.93,scattered clouds
426,Abu Dhabi,AE,24.4667,54.3667,69.91,75,0,3.44,clear sky
427,Boquira,BR,-12.8231,-42.7306,87.58,43,53,4.59,broken clouds
428,Katangli,RU,51.7102,143.2326,4.75,94,100,16.8,light snow
429,Tessalit,ML,20.1986,1.0114,76.37,8,0,14.05,clear sky
430,Fort Saint James,CA,54.4333,-124.25,30.11,96,100,5.08,overcast clouds
431,Lardos,GR,36.0942,28.0157,54.95,57,7,15.19,clear sky
432,Kysyl-Syr,RU,63.8986,122.7617,-31.22,100,89,3.87,overcast clouds
433,Ampanihy,MG,-24.7,44.75,73.98,81,0,16.2,clear sky
434,Paraiso,CR,9.8383,-83.8656,77.88,58,63,5.46,broken clouds
435,Turukhansk,RU,65.8167,87.9833,12.11,93,100,14.05,overcast clouds
436,Salalah,OM,17.0151,54.0924,75.29,60,0,3.44,clear sky
437,Ngunguru,NZ,-35.6167,174.5,71.17,92,76,13.53,broken clouds
438,Aykhal,RU,66.0,111.5,-25.08,100,80,3.42,broken clouds
439,Alyangula,AU,-13.8483,136.4192,81.07,82,100,14.14,overcast clouds
440,Denpasar,ID,-8.65,115.2167,78.46,94,40,3.44,scattered clouds
441,Bandundu,CD,-3.3167,17.3667,79.57,72,97,1.41,light rain
442,Linxia,CN,35.6003,103.2064,17.8,83,100,1.59,overcast clouds
443,Lagoa,PT,39.05,-27.9833,58.08,80,86,19.75,overcast clouds
444,Rio Gallegos,AR,-51.6226,-69.2181,57.25,33,20,9.22,few clouds
445,Galle,LK,6.0367,80.217,75.31,72,36,4.18,scattered clouds
446,Madona,LV,56.8533,26.217,20.98,93,67,10.29,broken clouds
447,Srednekolymsk,RU,67.45,153.6833,-33.84,100,100,1.43,overcast clouds
448,Saint-Philippe,RE,-21.3585,55.7679,80.19,89,100,28.68,moderate rain
449,Atambua,ID,-9.1061,124.8925,74.19,88,100,1.12,overcast clouds
450,Kiama,AU,-34.6833,150.8667,66.0,88,75,1.99,broken clouds
451,Broken Hill,AU,-31.95,141.4333,67.21,32,87,13.33,overcast clouds
452,Vanimo,PG,-2.6741,141.3028,76.73,87,63,3.89,broken clouds
453,Nardaran,AZ,40.5561,50.0056,42.44,87,75,11.5,broken clouds
454,Faya,SA,18.3851,42.4509,59.52,81,35,7.0,scattered clouds
455,Muros,ES,42.7762,-9.0603,58.08,74,99,7.96,overcast clouds
456,Acajutla,SV,13.5928,-89.8275,89.8,55,1,6.13,clear sky
457,Mulatupo,PA,8.9492,-77.7652,83.59,69,18,10.74,few clouds
458,Daru,PG,-9.0763,143.2092,78.19,89,100,10.94,overcast clouds
459,Tobermory,CA,45.2501,-81.6665,4.3,87,100,12.86,overcast clouds
460,Qasigiannguit,GL,68.8193,-51.1922,17.85,96,100,14.05,overcast clouds
461,Togur,RU,58.3631,82.8265,21.13,91,100,12.53,light snow
462,Havre-Saint-Pierre,CA,50.2334,-63.5986,4.06,63,100,8.95,overcast clouds
463,Entre Rios,BR,-11.9419,-38.0844,87.21,52,68,7.7,broken clouds
464,Beloha,MG,-25.1667,45.05,73.78,85,2,20.09,clear sky
465,Azovo,RU,54.6997,73.0237,15.55,83,100,8.97,overcast clouds
466,Sim,RU,54.993,57.6982,25.36,96,100,3.31,overcast clouds
467,Altay,CN,47.8667,88.1167,5.49,55,2,8.79,clear sky
468,Guaraniacu,BR,-25.1008,-52.8781,69.26,98,100,6.8,overcast clouds
469,Kochi,IN,9.9399,76.2602,75.18,79,76,8.93,broken clouds
470,Hamilton,US,39.1834,-84.5333,25.63,86,100,1.01,overcast clouds
471,Ilhabela,BR,-23.7781,-45.3581,80.4,86,82,4.79,broken clouds
472,Colares,PT,38.7992,-9.4469,61.32,65,20,1.01,few clouds
473,Ust-Kuyga,RU,70.0167,135.6,-39.05,100,99,5.19,overcast clouds
474,Neuquen,AR,-38.9516,-68.0591,80.49,32,75,4.61,broken clouds
475,Comodoro Rivadavia,AR,-45.8667,-67.5,57.06,72,40,8.05,scattered clouds
476,Winneba,GH,5.3511,-0.6231,83.73,66,12,13.71,few clouds
477,Jurado,CO,7.1053,-77.7641,85.39,64,22,2.01,light rain
478,Kudahuvadhoo,MV,2.6708,72.8944,81.93,74,66,9.26,broken clouds
479,Leningradskiy,RU,69.3833,178.4167,-16.96,89,3,7.81,clear sky
480,Tsabong,BW,-26.0217,22.401,89.33,18,0,14.67,clear sky
481,Acarau,BR,-2.8856,-40.12,83.91,67,100,15.66,overcast clouds
482,San Quintin,MX,30.4833,-115.95,57.76,24,4,1.92,clear sky
483,Antofagasta,CL,-23.65,-70.4,74.21,53,19,11.3,few clouds
484,Shediac,CA,46.2198,-64.5411,19.78,95,100,16.42,snow
485,Yukon,US,35.5067,-97.7625,22.75,59,0,5.75,clear sky
486,Jacqueville,CI,5.2052,-4.4146,85.91,75,4,14.65,clear sky
487,Gari,RU,59.4307,62.3497,11.08,95,100,3.62,overcast clouds
488,Gillette,US,44.2911,-105.5022,32.92,45,0,16.11,clear sky
489,Saint-Francois,FR,46.4154,3.9054,48.42,79,100,5.75,overcast clouds
490,Parrita,CR,9.5201,-84.3225,92.98,58,7,7.49,clear sky
491,Majene,ID,-3.5403,118.9707,78.17,82,99,7.25,overcast clouds
492,Oyabe,JP,36.676,136.8672,36.91,67,100,11.21,snow
493,Menongue,AO,-14.6585,17.691,65.32,86,100,3.58,overcast clouds
494,Westport,US,41.1415,-73.3579,40.75,95,100,5.01,light rain
495,Hammerfest,NO,70.6634,23.6821,22.73,85,100,11.5,snow
496,Yei,SS,4.095,30.6779,81.97,27,96,4.68,overcast clouds
497,Abha,SA,18.2164,42.5053,59.25,82,0,11.5,clear sky
498,Zhigansk,RU,66.7697,123.3711,-36.04,100,87,4.0,overcast clouds
499,Touba,CI,8.2833,-7.6833,92.48,8,30,4.25,scattered clouds
500,Nagato,JP,34.3833,131.2,40.89,57,100,25.97,overcast clouds
501,Catuday,PH,16.2923,119.8062,76.82,80,12,7.05,few clouds
502,Sultanpur,IN,26.2667,82.0667,55.08,76,49,6.15,scattered clouds
503,Jinxiang,CN,27.4327,120.6062,46.27,71,100,9.53,overcast clouds
504,Pedernales,DO,18.0384,-71.744,80.53,66,5,9.06,clear sky
505,Biak,ID,-0.9131,122.8766,76.05,85,100,3.31,overcast clouds
506,Raga,SS,8.4596,25.678,81.61,16,98,5.26,overcast clouds
507,Pandan,PH,14.0453,124.1694,75.04,90,100,5.82,light rain
508,Kumertau,RU,52.7667,55.7833,26.94,78,100,14.41,overcast clouds
509,Honningsvag,NO,70.9821,25.9704,15.55,79,75,26.46,light snow
510,Tupelo,US,34.2576,-88.7034,31.24,82,100,8.99,overcast clouds
511,San Matias,BO,-16.3667,-58.4,86.68,63,100,6.89,overcast clouds
512,Goderich,CA,43.7501,-81.7165,15.91,72,85,6.91,overcast clouds
513,Birao,CF,10.2849,22.7882,82.63,13,6,6.89,clear sky
514,Kalmunai,LK,7.4167,81.8167,76.26,72,7,3.74,clear sky
515,Port Moresby,PG,-9.4431,147.1797,76.93,85,52,7.52,broken clouds
516,Tres Passos,BR,-27.4556,-53.9319,77.59,80,92,5.44,overcast clouds
517,Viedma,AR,-40.8135,-62.9967,65.66,74,100,10.07,overcast clouds
518,Penzance,GB,50.1186,-5.5371,48.27,71,20,24.16,few clouds
519,Alice Springs,AU,-23.7,133.8833,58.55,88,3,0.0,clear sky
520,Tabou,CI,4.423,-7.3528,83.57,68,79,10.18,broken clouds
521,Tarauaca,BR,-8.1614,-70.7656,81.52,89,77,3.85,broken clouds
522,Sao Jose Da Coroa Grande,BR,-8.8978,-35.1478,84.45,57,27,10.67,scattered clouds
523,Ust-Koksa,RU,50.2696,85.6108,-3.87,88,33,1.05,scattered clouds
524,Bilma,NE,18.6853,12.9164,66.34,15,4,5.64,clear sky
525,Jieshi,CN,22.8134,115.8257,52.95,75,42,10.71,scattered clouds
526,Safford,US,32.834,-109.7076,41.52,37,0,11.32,clear sky
527,San Lorenzo,PY,-25.3333,-57.5333,85.14,74,100,2.3,overcast clouds
528,Fort Nelson,CA,58.8053,-122.7002,-11.61,77,100,3.44,snow
529,Griffith,US,41.5284,-87.4237,26.06,71,0,1.01,clear sky
530,Luba,GQ,3.4568,8.5547,81.03,78,41,8.52,scattered clouds
531,Gamba,GA,-2.65,10.0,79.63,76,39,7.34,scattered clouds
532,Sungaipenuh,ID,-2.0833,101.3833,64.51,98,100,0.72,light rain
533,Mishan,CN,45.55,131.8833,-2.99,88,28,9.66,scattered clouds
534,Tete,MZ,-16.1564,33.5867,78.89,73,75,12.66,thunderstorm with light rain
535,Vuktyl,RU,63.8567,57.3094,2.32,100,95,2.42,overcast clouds
536,Kati,ML,12.7441,-8.0726,91.35,7,0,7.67,clear sky
537,Ambunti,PG,-4.2365,142.8448,72.97,94,85,1.28,overcast clouds
538,Kulhudhuffushi,MV,6.6221,73.07,81.07,69,24,12.44,few clouds
539,Kalengwa,ZM,-13.4659,25.0027,65.41,94,91,3.27,light rain
540,Kholodnyy,RU,62.7167,147.95,-17.01,82,96,3.94,overcast clouds
541,Hovd,MN,48.0056,91.6419,-9.58,82,12,3.89,few clouds
542,Presidencia Roque Saenz Pena,AR,-26.7852,-60.4388,102.63,30,53,2.8,broken clouds
543,Mercedes,AR,-34.6515,-59.4307,86.79,54,93,5.12,overcast clouds
544,Tazovskiy,RU,67.4667,78.7,4.77,96,96,5.88,overcast clouds
545,Borogontsy,RU,62.6683,131.1683,-34.82,100,100,0.22,overcast clouds
546,Suifenhe,CN,44.4,131.1667,-3.62,85,72,9.15,broken clouds
547,Cockburn Town,TC,21.4612,-71.1419,75.76,69,0,19.95,clear sky
548,Guerrero Negro,MX,27.9769,-114.0611,56.57,32,0,2.21,clear sky
549,Ixhuatan,MX,16.3569,-94.4825,81.1,54,4,20.98,clear sky
550,Boguchany,RU,58.3814,97.4531,4.14,100,97,3.58,overcast clouds
551,Bani Walid,LY,31.7566,13.9942,59.58,28,0,8.95,clear sky
552,Morondava,MG,-20.2833,44.2833,83.37,75,39,17.2,scattered clouds
553,Betsiamites,CA,48.9413,-68.646,6.69,69,100,7.56,overcast clouds
554,Maridi,SS,4.9158,29.4742,83.73,20,100,4.23,overcast clouds
555,Bata,GQ,1.8639,9.7658,81.75,72,44,9.33,scattered clouds
556,Nizhniy Ingash,RU,56.2,96.53,10.85,93,90,5.61,overcast clouds
557,Hobyo,SO,5.3505,48.5268,77.09,69,6,17.13,clear sky
558,Slawno,PL,54.3628,16.6789,42.6,84,100,15.3,light rain
559,Vao,NC,-22.6667,167.4833,80.08,85,98,14.72,overcast clouds
560,Muzhi,RU,65.3667,64.6667,4.82,96,100,5.1,overcast clouds
561,Baykit,RU,61.67,96.37,6.94,98,100,3.31,overcast clouds
562,Humberto De Campos,BR,-2.5983,-43.4611,84.36,77,94,7.65,overcast clouds
563,Tupik,RU,54.4253,119.9327,-7.76,93,100,3.02,overcast clouds
564,Petropavlovka,RU,50.6114,105.3196,-3.01,93,90,4.18,overcast clouds
565,Jackson,US,42.4165,-122.8345,40.44,78,0,0.0,clear sky
566,Gat,IL,31.61,34.7642,52.48,100,60,6.73,broken clouds
567,Shanghai,CN,31.2222,121.4581,39.92,61,0,1.01,clear sky
568,Codrington,AU,-38.2667,141.9667,54.39,93,48,8.1,scattered clouds
569,Porto Santo,PT,33.072,-16.3415,70.3,82,20,4.61,few clouds
570,Mingyue,CN,43.1069,128.9217,2.8,82,84,13.51,broken clouds
571,High Prairie,CA,55.4334,-116.4858,9.7,94,100,3.51,light snow
572,Fier,AL,40.7239,19.5561,46.45,65,20,4.09,few clouds
573,Buraydah,SA,26.326,43.975,73.85,22,41,16.04,scattered clouds
574,Kalaleh,IR,37.3807,55.4916,61.16,38,14,10.27,few clouds
575,Bambanglipuro,ID,-7.95,110.2833,77.13,88,91,4.18,very heavy rain
576,Kihei,US,20.785,-156.4656,68.85,79,0,5.75,clear sky
577,Mount Darwin,ZW,-16.7725,31.5838,68.43,95,99,1.77,light rain
578,Urumqi,CN,43.801,87.6005,-3.05,85,75,2.24,mist
579,Nenjiang,CN,49.1833,125.2167,-5.89,96,99,3.09,overcast clouds
580,Gladstone,AU,-23.85,151.25,73.33,60,100,12.66,overcast clouds
581,Scalea,IT,39.813,15.7956,54.34,53,100,0.92,overcast clouds
582,Agirish,RU,61.9247,63.0231,4.53,96,82,4.63,broken clouds
583,Saint-Leu,RE,-21.15,55.2833,79.66,78,100,10.87,light rain
584,Skibbereen,IE,51.55,-9.2667,46.11,68,82,17.07,broken clouds
585,Manado,ID,1.487,124.8455,74.17,100,40,1.14,scattered clouds
586,Kindu,CD,-2.95,25.95,72.79,88,99,1.34,moderate rain
587,Havoysund,NO,70.9963,24.6622,16.03,84,100,34.63,overcast clouds
588,Calama,CL,-22.4667,-68.9333,70.29,9,20,14.97,few clouds
589,Komsomolsk,UA,49.0097,33.6455,19.11,94,93,8.97,overcast clouds
590,Batagay-Alyta,RU,67.8006,130.4114,-26.81,99,10,3.69,clear sky
591,Plettenberg Bay,ZA,-34.0527,23.3716,65.26,65,100,6.17,overcast clouds
592,Oksbol,DK,55.6268,8.2876,38.82,90,100,17.31,overcast clouds
593,Juneau,US,58.3019,-134.4197,34.11,94,100,6.91,light snow
594,Olafsvik,IS,64.8945,-23.7142,28.71,72,75,14.27,broken clouds
595,Road Town,VG,18.4167,-64.6167,75.29,100,40,16.11,light intensity shower rain
596,Verkhnetulomskiy,RU,68.6073,31.7962,0.12,91,100,6.11,overcast clouds
597,Whitehaven,GB,54.549,-3.5841,39.81,88,73,5.01,broken clouds
598,Hirara,JP,24.8,125.2833,63.27,73,100,26.53,overcast clouds
599,Yenagoa,NG,4.9247,6.2642,85.78,57,67,10.18,broken clouds
600,Araouane,ML,18.9048,-3.5265,80.37,7,0,7.99,clear sky
601,Yvetot,FR,49.6174,0.7581,44.56,81,51,11.95,broken clouds
602,Launceston,AU,-41.45,147.1667,53.24,85,6,0.0,clear sky
603,Onega,RU,63.9061,38.1404,-1.46,100,76,4.88,broken clouds
604,Aksu,CN,41.1231,80.2644,28.15,55,58,3.33,broken clouds
605,Troitsk,RU,54.0979,61.5773,20.32,89,100,10.02,overcast clouds
606,Biloela,AU,-24.4167,150.5,67.06,71,57,16.84,broken clouds
607,Buala,SB,-8.145,159.5921,80.69,83,100,8.84,overcast clouds
608,Hit,IQ,33.6416,42.8251,55.76,53,53,7.43,broken clouds
609,Manokwari,ID,-0.8667,134.0833,78.28,78,72,2.19,broken clouds
610,Kiunga,PG,-6.1219,141.2906,71.74,100,100,2.28,light rain
611,Waitati,NZ,-45.75,170.5667,53.8,93,100,5.32,overcast clouds
612,Chacabuco,AR,-34.6417,-60.4739,78.8,57,93,3.91,moderate rain
613,Makakilo City,US,21.3469,-158.0858,67.28,83,0,4.61,clear sky
614,Udachnyy,RU,66.4167,112.4,-28.62,100,91,2.35,overcast clouds
615,Calamar,CO,10.2511,-74.9146,85.95,33,3,8.14,clear sky
616,Nampula,MZ,-15.1165,39.2666,76.95,83,75,11.5,light rain
617,North Bend,US,43.4065,-124.2243,39.92,100,100,5.75,overcast clouds
618,Muscle Shoals,US,34.7448,-87.6675,33.66,91,98,3.0,overcast clouds
619,Landerneau,FR,48.4525,-4.2525,48.78,66,20,9.22,few clouds
620,Aparecida Do Taboado,BR,-20.0867,-51.0936,85.48,63,86,4.14,overcast clouds
621,Horsham,GB,51.064,-0.3272,45.91,66,20,12.66,few clouds
622,Graham,US,47.0529,-122.2943,43.41,93,100,1.01,overcast clouds
623,Ahipara,NZ,-35.1667,173.1667,71.15,88,96,14.34,overcast clouds
624,Bilibino,RU,68.0546,166.4372,-9.11,77,0,4.74,clear sky
625,Jacareacanga,BR,-6.2222,-57.7528,87.28,61,96,5.61,overcast clouds
626,Baherden,TM,38.4362,57.4316,58.14,27,25,6.85,scattered clouds
627,Avezzano,IT,42.0402,13.4388,47.68,74,27,4.5,scattered clouds
628,Vaitape,PF,-16.5167,-151.75,80.38,74,20,14.67,few clouds
629,Kizema,RU,61.113,44.8302,-7.51,100,73,0.81,broken clouds
630,Mangan,IN,27.5167,88.5333,46.87,99,100,0.85,light rain
631,San Ramon,US,37.7799,-121.978,54.09,72,0,1.01,clear sky
632,Shenjiamen,CN,29.9576,122.298,41.95,61,4,7.74,clear sky
633,Calvinia,ZA,-31.4707,19.776,80.35,19,6,11.72,clear sky
634,Guangyuan,CN,32.442,105.823,43.59,84,100,2.28,overcast clouds
635,Ekibastuz,KZ,51.6667,75.3667,12.09,77,33,7.16,scattered clouds
636,Morros,BR,-9.4467,-46.3003,86.0,52,98,2.75,overcast clouds
637,Salimpur,IN,28.128,76.2766,49.96,72,0,2.15,clear sky
638,La Troncal,EC,-2.4,-79.3333,102.0,85,96,0.85,light rain
639,Musoma,TZ,-1.5,33.8,73.65,63,100,5.93,overcast clouds
640,Caborca,MX,30.5838,-111.101,49.01,25,0,9.98,clear sky
641,Sovetskiy,RU,61.3614,63.5842,4.8,98,100,2.39,overcast clouds
642,Manuk Mangkaw,PH,4.8,119.85,80.28,77,99,6.89,overcast clouds
643,Karaton,ID,-6.3424,106.1045,75.36,95,100,0.69,overcast clouds
644,Macamic,CA,48.7502,-78.9996,-3.77,80,97,4.54,overcast clouds
645,Aguia Branca,BR,-18.9831,-40.7403,82.08,77,100,5.41,overcast clouds
646,Prijepolje,RS,43.3719,19.6406,34.95,98,73,3.56,broken clouds
647,Chulman,RU,56.8479,124.9104,-6.83,96,100,7.0,overcast clouds
648,Zhuanghe,CN,39.7008,122.9911,15.53,58,0,11.18,clear sky
649,Haverfordwest,GB,51.8017,-4.9691,44.35,79,51,5.99,broken clouds
650,Porto Walter,BR,-8.2686,-72.7439,86.43,62,87,2.06,overcast clouds
651,Paka,MY,4.6374,103.4368,82.33,78,99,10.36,overcast clouds
652,Lai,TD,9.3952,16.2989,83.71,12,21,5.73,few clouds
653,Cauquenes,CL,-35.9671,-72.3225,83.53,33,8,8.25,clear sky
654,Antalaha,MG,-14.9003,50.2788,80.87,74,100,2.91,overcast clouds
655,Toribio,CO,2.9548,-76.2684,74.8,70,26,4.97,scattered clouds
656,Ust-Maya,RU,60.4167,134.5333,-29.24,100,99,0.18,overcast clouds
657,Thunder Bay,CA,48.4001,-89.3168,10.56,72,75,8.05,broken clouds
658,Dingalan,PH,15.3897,121.3929,75.07,87,92,11.79,overcast clouds
659,Chengde,CN,40.9725,117.9361,12.61,44,1,7.94,clear sky
660,Asau,RO,46.4333,26.4,38.32,82,90,5.64,overcast clouds
661,Pithoragarh,IN,29.5833,80.2167,34.23,92,73,2.35,broken clouds
662,Seoul,KR,37.5683,126.9778,18.84,62,0,5.75,clear sky
663,Kerema,PG,-7.9631,145.7785,76.66,90,99,10.0,moderate rain
664,Capreol,CA,46.706,-80.9225,2.91,50,20,1.01,few clouds
665,Alofi,NU,-19.0595,-169.9187,78.69,83,100,8.05,overcast clouds
666,Kokorevka,RU,52.5872,34.2778,17.06,96,100,4.47,overcast clouds
667,Srandakan,ID,-7.9386,110.2506,77.32,88,92,4.27,very heavy rain
668,Lingao,CN,19.9103,109.6859,59.2,85,100,8.63,overcast clouds
669,Rawson,AR,-43.3002,-65.1023,64.98,64,96,27.2,overcast clouds
670,Saint Anthony,US,45.0205,-93.218,8.82,71,75,5.01,broken clouds
671,Union,US,40.6334,-74.2663,41.29,95,100,5.75,light rain
672,Havarna,RO,48.0667,26.65,42.4,65,73,4.79,broken clouds
673,Hvide Sande,DK,56.0045,8.1294,39.0,73,100,20.04,overcast clouds
674,Marica,BR,-22.9194,-42.8186,91.56,80,98,6.31,overcast clouds
675,Petropavlovsk-Kamchatskiy,RU,53.0452,158.6483,23.59,63,75,8.95,broken clouds
676,Alugan,PH,12.2188,125.4808,75.72,87,100,8.12,overcast clouds
677,Port Keats,AU,-14.25,129.55,80.15,83,100,5.39,overcast clouds
678,Zhezkazgan,KZ,47.8043,67.7144,9.68,79,85,10.92,overcast clouds
679,Ipixuna,BR,-1.7625,-48.8043,82.35,83,88,3.06,overcast clouds
680,Edson,CA,53.5835,-116.4356,6.94,85,100,4.61,overcast clouds
681,Amurzet,RU,47.6967,131.0981,-13.94,95,13,6.62,few clouds
682,Leshukonskoye,RU,64.8989,45.7622,-11.96,100,88,2.44,overcast clouds
683,Coahuayana,MX,18.7333,-103.6833,85.48,30,4,3.44,clear sky
684,Lashio,MM,22.9333,97.75,51.6,61,0,0.54,clear sky
685,Arauca,CO,7.0847,-70.7591,87.8,54,40,9.22,scattered clouds
686,Loandjili,CG,-4.7561,11.8578,80.55,70,83,7.23,broken clouds
687,Puerto Leguizamo,CO,-0.1934,-74.7819,92.43,44,61,3.0,broken clouds
688,Thinadhoo,MV,0.5333,72.9333,82.13,73,99,9.98,overcast clouds
689,Durant,US,33.994,-96.3708,28.49,75,81,15.19,broken clouds
690,Valparaiso,CL,-33.0393,-71.6273,71.24,62,0,9.22,clear sky
691,Kalcheva,UA,45.7374,28.8141,35.98,51,14,3.24,few clouds
692,Louga,RU,58.7372,29.8453,11.5,96,87,7.45,overcast clouds
693,Fairbanks,US,64.8378,-147.7164,1.74,68,100,4.61,overcast clouds
694,Vangaindrano,MG,-23.35,47.6,75.78,92,82,10.85,light rain
695,Nuuk,GL,64.1835,-51.7216,7.41,85,75,9.22,light shower snow
696,Paragominas,BR,-2.9667,-47.4833,82.74,79,97,2.59,overcast clouds
697,Andenes,NO,69.3143,16.1194,24.78,63,75,23.02,broken clouds
698,Minab,IR,27.1467,57.0801,69.3,72,1,0.0,clear sky
699,Labuan,MY,5.2767,115.2417,80.76,89,20,1.14,few clouds
700,Bukama,CD,-9.2,25.85,68.02,98,100,0.89,overcast clouds
701,Ozernovskiy,RU,51.5,156.5167,25.99,82,85,5.46,overcast clouds
702,Shieli,KZ,44.1667,66.75,32.23,71,69,10.89,broken clouds
703,Twentynine Palms,US,34.1356,-116.0542,54.48,25,62,3.0,broken clouds
704,Vetlanda,SE,57.4289,15.0776,40.87,97,100,9.86,light rain
705,Soledad,CO,10.9184,-74.7646,89.73,55,0,9.22,clear sky
706,Sumter,US,28.7086,-82.0831,82.98,66,1,11.01,clear sky
707,Marshfield,US,44.6689,-90.1718,9.84,66,100,4.61,overcast clouds
